Model,RMSE,MAE,R²,Samples
Random Forest,0.49648076328913426,0.42948526504773116,0.9324130191637564,20
Ensemble,0.5776890705933239,0.49927523337616436,0.9152576566866206,24
SVM,0.5803907113965567,0.5021252764331318,0.9160792717478125,22
