step,prediction
1,21.361131810756575
2,21.147425980177736
3,21.059879968809945
4,21.016612659569965
5,21.066441462683905
