step,prediction
1,17.697707301827688
2,16.982163880900366
3,17.032202085361476
4,16.352508370223795
5,16.854518942693794
