{
  "mse": 10.348445857512369,
  "mae": 2.7710134450228705,
  "rmse": 3.216900038470634,
  "r2": 0.1556466218489706,
  "mape": 15.314124429226203,
  "n_samples": 34,
  "model": "XGBoost",
  "n_features": 39
}